id,name,position,team,value
17,Matt Prater,K,BUF,0
19,Joe Flacco,QB,CIN,0
96,Aaron Rodgers,QB,PIT,0
111,Marcedes Lewis,TE,DEN,0
138,Ben Roethlisberger,QB,PIT,0
260,Josh Johnson,QB,WAS,0
421,Matthew Stafford,QB,LAR,0
503,Graham Gano,K,NYG,0
650,Nick Folk,K,NYJ,0
812,Lee Smith,TE,ATL,0
827,Tyrod Taylor,QB,NYJ,0
829,Andy Dalton,QB,CAR,0
1166,Kirk Cousins,QB,ATL,0
1234,Russell Wilson,QB,NYG,0
1339,Zach Ertz,TE,WAS,0
1373,Geno Smith,QB,LV,0
1408,Le'Veon Bell,RB,TB,0
1426,DeAndre Hopkins,WR,BAL,0
1433,Brandon McManus,K,GB,0
1466,Travis Kelce,TE,KC,0
1479,Keenan Allen,WR,LAC,0
1592,Darren Fells,TE,TB,0
1604,Nick Williams,WR,DEN,0
1642,Levine Toilolo,TE,NYG,0
1689,Adam Thielen,WR,MIN,0
1706,Jack Doyle,TE,IND,0
1737,Case Keenum,QB,CHI,0
1837,Jimmy Garoppolo,QB,LAR,0
1945,Chris Boswell,K,PIT,0
1979,Blake Bortles,QB,NO,0
1984,Allen Hurns,WR,MIA,0
2020,Cairo Santos,K,CHI,0
2118,Eric Ebron,TE,PIT,0
2133,Davante Adams,WR,LAR,0
2152,Teddy Bridgewater,QB,TB,0
2197,Brandin Cooks,WR,NO,0
2216,Mike Evans,WR,TB,0
2306,Jameis Winston,QB,NYG,0
2307,Marcus Mariota,QB,WAS,0
2334,Phillip Dorsett,WR,LV,0
2359,Ameer Abdullah,RB,IND,0
2374,Tyler Lockett,WR,LV,0
2449,Stefon Diggs,WR,NE,0
2505,Darren Waller,TE,MIA,0
2549,Trevor Siemian,QB,TEN,0
2747,Jason Myers,K,SEA,0
2749,Raheem Mostert,RB,LV,0
2750,DeAndre Carter,WR,CLE,0
2944,Matt LaCosse,TE,NE,0
3048,Chris Manhertz,TE,NYG,0
3155,Laquon Treadwell,WR,IND,0
3161,Carson Wentz,QB,MIN,0
3163,Jared Goff,QB,DET,0
3198,Derrick Henry,RB,BAL,0
3200,Sterling Shepard,WR,TB,0
3202,Austin Hooper,TE,NE,0
3214,Hunter Henry,TE,NE,0
3239,Bronson Kaufusi,TE,GB,0
3257,Jacoby Brissett,QB,ARI,0
3258,Nick Vannett,TE,MIN,0
3269,Chris Moore,WR,WAS,0
3271,Tyler Higbee,TE,LAR,0
3286,Demarcus Robinson,WR,SF,0
3294,Dak Prescott,QB,DAL,0
3309,Wendell Smallwood,RB,WAS,0
3321,Tyreek Hill,WR,MIA,0
3333,Temarrick Hemingway,TE,WAS,0
3357,Brandon Allen,QB,TEN,0
3362,Jeff Driskel,QB,ARI,0
3423,Robbie Chosen,WR,WAS,0
3451,Ka'imi Fairbairn,K,HOU,0
3634,Kalif Raymond,WR,DET,0
3668,Joshua Perkins,TE,NYJ,0
3678,Wil Lutz,K,DEN,0
3868,Jalen Richard,RB,LV,0
3976,Mitchell Trubisky,QB,BUF,0
4017,Deshaun Watson,QB,CLE,0
4018,Joe Mixon,RB,HOU,0
4033,David Njoku,TE,CLE,0
4034,Christian McCaffrey,RB,SF,0
4035,Alvin Kamara,RB,NO,0
4037,Chris Godwin,WR,TB,0
4039,Cooper Kupp,WR,SEA,0
4040,JuJu Smith-Schuster,WR,KC,0
4046,Patrick Mahomes,QB,KC,0
4054,Mo Alie-Cox,TE,IND,0
4066,Evan Engram,TE,DEN,0
4080,Zay Jones,WR,ARI,0
4082,Curtis Samuel,WR,BUF,0
4098,Kareem Hunt,RB,KC,0
4127,C.J. Beathard,QB,DET,0
4137,James Conner,RB,ARI,0
4144,Jonnu Smith,TE,PIT,0
4147,Samaje Perine,RB,CIN,0
4171,Josh Reynolds,WR,NYJ,0
4177,Mack Hollins,WR,NE,0
4179,Joshua Dobbs,QB,NE,0
4189,Eric Saubert,TE,SEA,0
4195,Jake Elliott,K,PHI,0
4198,Jamal Agnew,WR,ATL,0
4199,Aaron Jones,RB,MIN,0
4217,George Kittle,TE,SF,0
4218,Trent Taylor,WR,SF,0
4219,Jeremy McNichols,RB,WAS,0
4227,Harrison Butker,K,KC,0
4233,Zane Gonzalez,K,ATL,0
4234,Noah Brown,WR,WAS,0
4263,Elijah McGuire,RB,KC,0
4274,David Moore,WR,CAR,0
4314,Johnny Mundt,TE,JAX,0
4349,Taquan Mizzell,RB,NYG,0
4351,Tim Patrick,WR,JAX,0
4381,Taysom Hill,TE,NO,0
4435,Anthony Firkser,TE,DET,0
4443,Pharaoh Brown,TE,ARI,0
4454,Kendrick Bourne,WR,SF,0
4464,Nick Mullens,QB,JAX,0
4490,Wyatt Houston,TE,CAR,0
4574,Cooper Rush,QB,BAL,0
4602,Robert Tonyan,TE,KC,0
4663,Austin Ekeler,RB,WAS,0
4666,Younghoe Koo,K,NYG,0
4683,Aaron Bailey,QB,BAL,0
4718,Dare Ogunbowale,RB,HOU,0
4744,Barrett Burns,TE,BAL,0
4854,River Cracraft,WR,WAS,0
4866,Saquon Barkley,RB,PHI,0
4881,Lamar Jackson,QB,BAL,0
4892,Baker Mayfield,QB,TB,0
4922,Garrett Scantling,WR,ATL,0
4924,Zach Terrell,QB,BAL,0
4926,Nick Schuessler,QB,PIT,0
4930,Franko House,TE,CHI,0
4936,Skyler Howard,QB,SEA,0
4937,Al Riles,WR,IND,0
4943,Sam Darnold,QB,SEA,0
4950,Christian Kirk,WR,HOU,0
4972,Mason Rudolph,QB,PIT,0
4981,Calvin Ridley,WR,TEN,0
4983,DJ Moore,WR,CHI,0
4984,Josh Allen,QB,BUF,0
4988,Nick Chubb,RB,HOU,0
4992,Dante Pettis,WR,NO,0
4993,Mike Gesicki,TE,CIN,0
4995,Ian Thomas,TE,LV,0
5000,Chase Edmonds,RB,WAS,0
5001,Dalton Schultz,TE,HOU,0
5004,Ito Smith,RB,DAL,0
5008,Durham Smythe,TE,CHI,0
5010,Will Dissly,TE,LAC,0
5012,Mark Andrews,TE,BAL,0
5022,Dallas Goedert,TE,PHI,0
5032,Jordan Akins,TE,JAX,0
5045,Courtland Sutton,WR,DEN,0
5086,Marquez Valdes-Scantling,WR,PIT,0
5089,Mike White,QB,CAR,0
5095,Daniel Carlson,K,LV,0
5096,Ray-Ray McCloud,WR,NYG,0
5110,Russell Gage,WR,SF,0
5113,Cedrick Wilson,WR,MIA,0
5119,Jason Sanders,K,MIA,0
5121,Braxton Berrios,WR,HOU,0
5127,Kyle Allen,QB,DET,0
5133,Tyler Conklin,TE,LAC,0
5134,Keith Kirkwood,WR,BAL,0
5154,Trent Sherfield,WR,DEN,0
5185,Allen Lazard,WR,NYJ,0
5189,Eddy Pineiro,K,SF,0
5223,Caleb Scott,WR,TEN,0
5230,Michael Badgley,K,IND,0
5272,Greg Joseph,K,LV,0
5284,Jeff Wilson,RB,MIA,0
5285,Ross Dwelley,TE,DET,0
5374,Justin Watson,WR,HOU,0
5409,Tanner Hudson,TE,CIN,0
5638,Shaq Roland,WR,CHI,0
5744,Eldridge Massington,WR,NO,0
5773,KhaDarel Hodge,WR,ATL,0
5781,Malik Turner,WR,SF,0
5806,John Wolford,QB,MIN,0
5844,T.J. Hockenson,TE,MIN,0
5846,DK Metcalf,WR,PIT,0
5848,Marquise Brown,WR,KC,0
5849,Kyler Murray,QB,ARI,0
5850,Josh Jacobs,RB,GB,0
5854,Drew Lock,QB,SEA,0
5857,Noah Fant,TE,CIN,0
5859,A.J. Brown,WR,PHI,0
5870,Daniel Jones,QB,IND,0
5872,Deebo Samuel,WR,WAS,0
5880,Parris Campbell,WR,DAL,0
5892,David Montgomery,RB,DET,0
5903,Will Grier,QB,DAL,0
5906,Dawson Knox,TE,BUF,0
5917,Mecole Hardman,WR,BUF,0
5927,Terry McLaurin,WR,WAS,0
5938,Lil'Jordan Humphrey,WR,NYG,0
5947,Jakobi Meyers,WR,JAX,0
5955,Hunter Renfrow,WR,CAR,0
5957,Isaac Nauta,TE,GB,0
5967,Tony Pollard,RB,TEN,0
5970,Greg Dortch,WR,ARI,0
5973,Josh Oliver,TE,MIN,0
5980,Myles Gaskin,RB,SEA,0
5985,Foster Moreau,TE,NO,0
5987,Alexander Mattison,RB,MIA,0
5995,Justice Hill,RB,BAL,0
6001,Drew Sample,TE,CIN,0
6011,Gardner Minshew,QB,KC,0
6012,Travis Homer,RB,CHI,0
6016,Dax Raymond,TE,PIT,0
6037,Brett Rypien,QB,IND,0
6039,Ty Johnson,RB,BUF,0
6040,Tyree Jackson,TE,WAS,0
6074,Donald Parham,TE,PIT,0
6083,Matt Gay,K,WAS,0
6111,Jake Browning,QB,CIN,0
6130,Devin Singletary,RB,NYG,0
6136,Jarrett Stidham,QB,DEN,0
6144,Trayveon Williams,RB,LAC,0
6147,Clayton Thorson,QB,NYG,0
6149,Darius Slayton,WR,NYG,0
6151,Miles Sanders,RB,DAL,0
6154,David Sills,WR,ATL,0
6167,Jordan Scarlett,RB,MIA,0
6175,Kerrith Whyte,RB,GB,0
6185,Easton Stick,QB,ATL,0
6233,Matt Sokol,TE,PIT,0
6268,Matthew Wright,K,HOU,0
6271,Olamide Zaccheaus,WR,CHI,0
6290,Scotty Miller,WR,PIT,0
6323,Andrew Beck,RB,NYJ,0
6386,Alex Bachman,WR,LV,0
6427,Ashton Dulin,WR,IND,0
6451,Stephen Carlson,TE,CHI,0
6453,D.J. Montgomery,WR,IND,0
6465,Thomas Ives,WR,CHI,0
6528,Joey Slye,K,TEN,0
6529,Chris Myarick,TE,MIA,0
6540,DeAndre Thompkins,WR,GB,0
6588,Tom Kennedy,WR,DET,0
6598,Trenton Irwin,WR,NYJ,0
6650,Chase McLaughlin,K,TB,0
6659,Craig Reynolds,RB,DET,0
6694,D'Ernest Johnson,RB,NE,0
6699,Gunner Olszewski,WR,NYG,0
6768,Tua Tagovailoa,QB,MIA,0
6770,Joe Burrow,QB,CIN,0
6783,Jerry Jeudy,WR,CLE,0
6786,CeeDee Lamb,WR,DAL,0
6790,D'Andre Swift,RB,CHI,0
6794,Justin Jefferson,WR,MIN,0
6797,Justin Herbert,QB,LAC,0
6801,Tee Higgins,WR,CIN,0
6803,Brandon Aiyuk,WR,SF,0
6804,Jordan Love,QB,GB,0
6806,J.K. Dobbins,RB,DEN,0
6813,Jonathan Taylor,RB,IND,0
6819,Michael Pittman,WR,IND,0
6820,Clyde Edwards-Helaire,RB,KC,0
6826,Cole Kmet,TE,CHI,0
6828,A.J. Dillon,RB,PHI,0
6843,Albert Okwuegbunam,TE,LV,0
6847,Devin Duvernay,WR,CHI,0
6850,Harrison Bryant,TE,HOU,0
6853,Van Jefferson,WR,TEN,0
6865,Colby Parkinson,TE,LAR,0
6866,KJ Hill,WR,LAC,0
6869,Adam Trautman,TE,DEN,0
6895,Quintez Cephus,WR,HOU,0
6904,Jalen Hurts,QB,PHI,0
6918,Salvon Ahmed,RB,IND,0
6920,Isaiah Hodgins,WR,PIT,0
6927,Quez Watkins,WR,PHI,0
6931,DeeJay Dallas,RB,CAR,0
6938,Cam Akers,RB,MIN,0
6943,Gabe Davis,WR,BUF,0
6945,Antonio Gibson,RB,NE,0
6957,James Proche,WR,TEN,0
6960,Tyler Johnson,WR,NYJ,0
6963,Patrick Taylor,RB,SF,0
6964,Sean McKeon,TE,IND,0
6992,Michael Warren,RB,DET,0
6996,JaMycal Hasty,RB,MIA,0
7002,Juwan Johnson,TE,NO,0
7021,Rico Dowdle,RB,CAR,0
7039,Cody White,WR,SEA,0
7042,Tyler Bass,K,BUF,0
7048,Benny LeMay,RB,CLE,0
7049,Jauan Jennings,WR,SF,0
7050,Josiah Deguara,TE,ARI,0
7075,Charlie Woerner,TE,ATL,0
7083,Tyler Huntley,QB,BAL,0
7087,Jonathan Ward,RB,NE,0
7090,Darnell Mooney,WR,ATL,0
7093,Adrian Killins,RB,DEN,0
7103,Tavien Feaster,RB,ARI,0
7106,Lawrence Cager,TE,WAS,0
7149,Tommy Stevens,TE,NYG,0
7204,Reggie Gilliam,RB,BUF,0
7233,Andre Baccellia,WR,ARI,0
7237,Scotty Washington,WR,BAL,0
7262,Jalen Morton,QB,IND,0
7357,Dan Chisena,WR,CAR,0
7436,Mason Kinsey,WR,TEN,0
7496,Nick Westbrook-Ikhine,WR,MIA,0
7521,Chris Blair,WR,ATL,0
7523,Trevor Lawrence,QB,JAX,0
7525,DeVonta Smith,WR,PHI,0
7526,Jaylen Waddle,WR,MIA,0
7527,Mac Jones,QB,SF,0
7528,Najee Harris,RB,LAC,0
7529,Gary Brightwell,RB,CIN,0
7531,Feleipe Franks,TE,ATL,0
7535,Hunter Long,TE,JAX,0
7536,Quintin Morris,TE,JAX,0
7537,Jaret Patterson,RB,LAC,0
7538,Zach Wilson,QB,MIA,0
7543,Travis Etienne,RB,JAX,0
7547,Amon-Ra St. Brown,WR,DET,0
7553,Kyle Pitts,TE,ATL,0
7559,Ihmir Smith-Marsette,WR,NYG,0
7561,Elijah Mitchell,RB,KC,0
7562,Tutu Atwell,WR,LAR,0
7564,Ja'Marr Chase,WR,CIN,0
7567,Kenneth Gainwell,RB,PIT,0
7568,Brevin Jordan,TE,HOU,0
7569,Nico Collins,WR,HOU,0
7571,Rashod Bateman,WR,BAL,0
7583,Sam Ehlinger,QB,DEN,0
7585,Davis Mills,QB,HOU,0
7587,Dyami Brown,WR,JAX,0
7588,Javonte Williams,RB,DAL,0
7591,Justin Fields,QB,NYJ,0
7594,Chuba Hubbard,RB,CAR,0
7595,Tylan Wallace,WR,BAL,0
7596,Elijah Moore,WR,BUF,0
7599,Jermar Jefferson,RB,ARI,0
7600,Pat Freiermuth,TE,PIT,0
7601,Rondale Moore,WR,MIN,0
7602,Kylen Granson,TE,PHI,0
7607,Michael Carter,RB,ARI,0
7608,Khalil Herbert,RB,NYJ,0
7610,Trey Lance,QB,LAC,0
7611,Rhamondre Stevenson,RB,NE,0
7612,Dee Eskridge,WR,MIA,0
7618,Micah Simon,WR,CAR,0
7670,Joshua Palmer,WR,BUF,0
7694,Tommy Tremble,TE,CAR,0
7716,John Bates,TE,WAS,0
7720,Kene Nwangwu,RB,NYJ,0
7746,Austin Trammell,WR,JAX,0
7757,Ben Skowronek,WR,PIT,0
7812,Simi Fehoko,WR,ARI,0
7828,Noah Gray,TE,KC,0
7839,Evan McPherson,K,CIN,0
7842,Luke Farrell,TE,SF,0
7865,Brandon Smith,WR,NYJ,0
7891,Brock Wright,TE,DET,0
7922,Riley Patterson,K,MIA,0
7933,Alex Kessman,K,CAR,0
7943,Zach Davidson,TE,NYG,0
7946,Jack Stoll,TE,NO,0
7989,DJ Turner,WR,LV,0
8002,Shane Buechele,QB,BUF,0
8013,Tim Jones,WR,JAX,0
8041,Shane Zylstra,TE,DET,0
8088,Kalif Jackson,TE,MIA,0
8089,Sal Cannella,TE,CLE,0
8107,Nikola Kalinic,TE,CHI,0
8110,Jake Ferguson,TE,DAL,0
8111,Cade Otton,TE,TB,0
8112,Drake London,WR,ATL,0
8116,Pierre Strong,RB,GB,0
8117,Jalen Tolbert,WR,DAL,0
8119,Jahan Dotson,WR,PHI,0
8121,Romeo Doubs,WR,GB,0
8122,Zonovan Knight,RB,ARI,0
8123,Hassan Haskins,RB,LAC,0
8125,Calvin Austin,WR,PIT,0
8126,Wan'Dale Robinson,WR,NYG,0
8127,Charlie Kolar,TE,BAL,0
8129,Dameon Pierce,RB,HOU,0
8130,Trey McBride,TE,ARI,0
8131,Isaiah Likely,TE,BAL,0
8132,Tyler Allgeier,RB,ATL,0
8134,Khalil Shakir,WR,BUF,0
8135,Treylon Burks,WR,WAS,0
8136,Rachaad White,RB,TB,0
8137,George Pickens,WR,DAL,0
8138,James Cook,RB,BUF,0
8139,Zamir White,RB,LV,0
8142,Alec Pierce,WR,IND,0
8143,Jerome Ford,RB,CLE,0
8144,Chris Olave,WR,NO,0
8145,Jeremy Ruckert,TE,NYJ,0
8146,Garrett Wilson,WR,NYJ,0
8147,John Metchie,WR,NYJ,0
8148,Jameson Williams,WR,DET,0
8150,Kyren Williams,RB,LAR,0
8151,Kenneth Walker,RB,SEA,0
8154,Brian Robinson,RB,SF,0
8155,Breece Hall,RB,NYJ,0
8157,Bailey Zappe,QB,CLE,0
8160,Kenny Pickett,QB,LV,0
8161,Malik Willis,QB,GB,0
8162,Sam Howell,QB,PHI,0
8167,Christian Watson,WR,GB,0
8168,Skyy Moore,WR,SF,0
8170,James Mitchell,TE,CAR,0
8172,Greg Dulcich,TE,MIA,0
8176,Danny Gray,WR,PHI,0
8177,Grant Calcaterra,TE,PHI,0
8180,Jalen Nailor,WR,MIN,0
8181,Connor Heyward,TE,PIT,0
8183,Brock Purdy,QB,SF,0
8188,Tyquan Thornton,WR,KC,0
8194,Jashaun Corbin,RB,NE,0
8195,Ronnie Rivers,RB,LAR,0
8200,Kevin Austin,WR,NO,0
8202,Michael Woods,WR,GB,0
8204,Bo Melton,WR,GB,0
8205,Isiah Pacheco,RB,KC,0
8206,Skylar Thompson,QB,PIT,0
8207,Tyler Goodson,RB,IND,0
8208,Tyler Badie,RB,DEN,0
8210,Chig Okonkwo,TE,TEN,0
8219,Jelani Woods,TE,NYJ,0
8220,Sincere McCormick,RB,SF,0
8221,Keaontay Ingram,RB,KC,0
8225,Daniel Bellinger,TE,NYG,0
8227,Teagan Quitoriano,TE,ATL,0
8228,Jaylen Warren,RB,PIT,0
8230,Ty Chandler,RB,MIN,0
8249,Lucas Krull,TE,DEN,0
8253,Deven Thompkins,WR,ATL,0
8254,Julius Chestnut,RB,TEN,0
8259,Cameron Dicker,K,LAC,0
8408,Jordan Mason,RB,MIN,0
8413,Chris Oladokun,QB,KC,0
8414,Britain Covey,WR,PHI,0
8423,Brittain Brown,RB,CHI,0
8484,Ko Kieft,TE,TB,0
8489,Drew Ogletree,TE,IND,0
8500,John FitzPatrick,TE,GB,0
8523,Nick Muse,TE,LAR,0
8527,Dareke Young,WR,SEA,0
8583,Stone Smartt,TE,NYJ,0
8660,Leroy Watson,TE,LV,0
8676,Rashid Shaheed,WR,SEA,0
8698,Jake Tonges,TE,SF,0
8755,Kaden Davis,WR,CLE,0
8756,Brandon Johnson,WR,TB,0
8783,Kendric Pryor,WR,CIN,0
8799,Zaire Mitchell-Paden,TE,NO,0
8800,Malik Davis,RB,DAL,0
8801,Dennis Houston,WR,TB,0
8849,Tanner Conner,TE,MIA,0
8861,Irvin Charles,WR,NYJ,0
8885,Tucker Fisk,TE,LAC,0
8917,KaVontae Turpin,WR,DAL,0
8921,Maurice Alexander,WR,CHI,0
8924,Thomas Odukoya,TE,NE,0
8932,Lucas Havrisik,K,GB,0
9220,Evan Hull,RB,NO,0
9221,Jahmyr Gibbs,RB,DET,0
9224,Chase Brown,RB,CIN,0
9225,Tank Bigsby,RB,PHI,0
9226,De'Von Achane,RB,MIA,0
9228,Bryce Young,QB,CAR,0
9229,Anthony Richardson,QB,IND,0
9230,Tanner McKee,QB,PHI,0
9479,Darnell Washington,TE,PIT,0
9480,Brenton Strange,TE,JAX,0
9481,Luke Musgrave,TE,GB,0
9482,Michael Mayer,TE,LV,0
9484,Tucker Kraft,TE,GB,0
9486,Dontayvion Wicks,WR,GB,0
9487,Parker Washington,WR,JAX,0
9488,Jaxon Smith-Njigba,WR,SEA,0
9489,Justin Shorter,WR,LV,0
9490,Tyler Scott,WR,LAR,0
9492,Trey Palmer,WR,NO,0
9493,Puka Nacua,WR,LAR,0
9494,Marvin Mims,WR,DEN,0
9497,Jalin Hyatt,WR,NYG,0
9499,Bryce Ford-Wheaton,WR,NYG,0
9500,Josh Downs,WR,IND,0
9501,DeMario Douglas,WR,NE,0
9502,Tank Dell,WR,HOU,0
9504,Kayshon Boutte,WR,NE,0
9505,Deuce Vaughn,RB,DEN,0
9506,Sean Tucker,RB,TB,0
9508,Tyjae Spears,RB,TEN,0
9509,Bijan Robinson,RB,ATL,0
9510,Lew Nichols,RB,PIT,0
9511,Keaton Mitchell,RB,BAL,0
9753,Zach Charbonnet,RB,SEA,0
9754,Quentin Johnston,WR,LAC,0
9756,Jordan Addison,WR,MIN,0
9757,Kendre Miller,RB,NO,0
9758,C.J. Stroud,QB,HOU,0
9997,Zay Flowers,WR,BAL,0
9999,Will Levis,QB,TEN,0
10210,Cameron Latu,TE,PHI,0
10212,Josh Whyle,TE,GB,0
10213,Tre Tucker,WR,LV,0
10214,Davis Allen,TE,LAR,0
10215,Jake Haener,QB,NO,0
10216,Kenny McIntosh,RB,SEA,0
10217,Clayton Tune,QB,GB,0
10218,Xavier Hutchinson,WR,HOU,0
10219,Chris Rodriguez,RB,WAS,0
10220,Will Mallory,TE,IND,0
10221,Ronnie Bell,WR,NO,0
10222,Jayden Reed,WR,GB,0
10223,Eric Gray,RB,NYG,0
10224,Brayden Willis,TE,SF,0
10225,Jonathan Mingo,WR,DAL,0
10226,Andrei Iosivas,WR,CIN,0
10227,Payne Durham,TE,TB,0
10228,Charlie Jones,WR,CIN,0
10229,Rashee Rice,WR,KC,0
10231,Elijah Higgins,TE,ARI,0
10232,Michael Wilson,WR,ARI,0
10234,Derius Davis,WR,LAC,0
10235,Roschon Johnson,RB,CHI,0
10236,Dalton Kincaid,TE,BUF,0
10444,Cedric Tillman,WR,CLE,0
10857,Stetson Bennett,QB,LAR,0
10859,Sam LaPorta,TE,DET,0
10860,Malik Cunningham,WR,DET,0
10863,A.T. Perry,WR,DEN,0
10866,Aidan O'Connell,QB,LV,0
10867,Jake Bobo,WR,SEA,0
10870,Deneric Prince,RB,NE,0
10871,Luke Schoonmaker,TE,DAL,0
10937,Jake Moody,K,CHI,0
10955,Chad Ryland,K,ARI,0
10983,Sean Clifford,QB,CIN,0
11034,Jalen Brooks,WR,ARI,0
11056,Jared Wayne,WR,HOU,0
11058,Blake Grupe,K,NO,0
11065,Adrian Martinez,QB,SF,0
11068,Mitch Tinsley,WR,CIN,0
11082,Ben Sims,TE,MIN,0
11113,Joel Wilson,TE,TEN,0
11157,Brycen Tremayne,WR,CAR,0
11168,Xavier Smith,WR,LAR,0
11186,Carlos Washington,RB,ATL,0
11199,Emari Demercado,RB,ARI,0
11201,Blake Whiteheart,TE,CLE,0
11210,Malik Heath,WR,GB,0
11237,Jacob Saylors,RB,DET,0
11245,Patrick Murtagh,TE,DEN,0
11256,Tyson Bagent,QB,CHI,0
11257,Shedrick Jackson,WR,LV,0
11261,Andre Szmyt,K,CLE,0
11280,Brady Russell,TE,SEA,0
11292,Tommy DeVito,QB,NE,0
11299,Zavier Scott,RB,MIN,0
11304,E.J. Jenkins,TE,PHI,0
11306,Xavier Gipson,WR,PHI,0
11311,Jason Brownlee,WR,KC,0
11320,Nikko Remigio,WR,KC,0
11370,Chris Brooks,RB,GB,0
11371,Julian Hill,TE,MIA,0
11377,Tyrell Shavers,WR,BUF,0
11378,Jordan Mims,RB,TEN,0
11381,Travis Vokolek,TE,ARI,0
11384,Owen Wright,RB,TB,0
11415,Tanner Taula,TE,TB,0
11421,Ryan Miller,WR,TB,0
11433,Nate Adkins,TE,DEN,0
11435,Emanuel Wilson,RB,GB,0
11439,Jaleel McLaughlin,RB,DEN,0
11474,Dylan Drummond,WR,ATL,0
11506,Jalen Cropper,WR,DAL,0
11508,Princeton Fant,TE,DAL,0
11511,John Stephens,TE,DAL,0
11533,Brandon Aubrey,K,DAL,0
11539,Jake Bates,K,DET,0
11557,Joe Milton,QB,DAL,0
11558,Sam Hartman,QB,WAS,0
11559,Michael Penix,QB,ATL,0
11560,Caleb Williams,QB,CHI,0
11562,Spencer Rattler,QB,NO,0
11563,Bo Nix,QB,DEN,0
11564,Drake Maye,QB,NE,0
11565,J.J. McCarthy,QB,MIN,0
11566,Jayden Daniels,QB,WAS,0
11568,Blake Watson,RB,TEN,0
11569,Jarquez Hunter,RB,LAR,0
11570,Rasheen Ali,RB,BAL,0
11571,Isaiah Davis,RB,NYJ,0
11573,Frank Gore,RB,BUF,0
11574,Dylan Laube,RB,LV,0
11575,Ray Davis,RB,BUF,0
11576,Braelon Allen,RB,NYJ,0
11577,Will Shipley,RB,PHI,0
11579,Audric Estime,RB,NO,0
11581,MarShawn Lloyd,RB,GB,0
11582,Carson Steele,RB,KC,0
11583,Jonathon Brooks,RB,CAR,0
11584,Bucky Irving,RB,TB,0
11586,Blake Corum,RB,LAR,0
11588,Jawhar Jordan,RB,HOU,0
11589,Trey Benson,RB,ARI,0
11592,Erick All,TE,CIN,0
11593,Brevyn Spann-Ford,TE,DAL,0
11595,Jared Wiley,TE,KC,0
11596,Ben Sinnott,TE,WAS,0
11597,Theo Johnson,TE,NYG,0
11599,Cade Stover,TE,HOU,0
11600,Ja'Tavion Sanders,TE,CAR,0
11603,AJ Barner,TE,SEA,0
11604,Brock Bowers,TE,LV,0
11608,Isaiah Williams,WR,NYJ,0
11610,Malik Washington,WR,MIA,0
11615,Ainias Smith,WR,CAR,0
11616,Jacob Cowing,WR,SF,0
11617,Malachi Corley,WR,CLE,0
11618,Jalen McMillan,WR,TB,0
11619,Ja'Lynn Polk,WR,NO,0
11620,Rome Odunze,WR,CHI,0
11623,Jordan Whittington,WR,LAR,0
11624,Xavier Worthy,WR,KC,0
11625,Adonai Mitchell,WR,NYJ,0
11626,Xavier Legette,WR,CAR,0
11627,Troy Franklin,WR,DEN,0
11628,Marvin Harrison,WR,ARI,0
11629,Devontez Walker,WR,BAL,0
11630,Roman Wilson,WR,PIT,0
11631,Brian Thomas,WR,JAX,0
11632,Malik Nabers,WR,NYG,0
11633,Jamari Thrash,WR,CLE,0
11635,Ladd McConkey,WR,LAC,0
11636,Johnny Wilson,WR,PHI,0
11637,Keon Coleman,WR,BUF,0
11638,Ricky Pearsall,WR,SF,0
11640,Jermaine Burton,WR,CIN,0
11643,Jaylen Wright,RB,MIA,0
11644,Cody Schrader,RB,JAX,0
11646,Jalen Coker,WR,CAR,0
11647,Kimani Vidal,RB,LAC,0
11648,Kedon Slovis,QB,ARI,0
11649,Kendall Milton,RB,CIN,0
11650,Luke McCaffrey,WR,WAS,0
11651,Isaac Guerendo,RB,SF,0
11653,Charlie Smyth,K,NO,0
11654,Dante Miller,RB,NYG,0
11655,Tyrone Tracy,RB,NYG,0
11716,Tip Reiman,TE,ARI,0
11729,Sione Vaki,RB,DET,0
11748,Bub Means,WR,NO,0
11762,Anthony Gould,WR,IND,0
11773,Keilan Robinson,RB,NYJ,0
11783,Ryan Flournoy,WR,DAL,0
11786,Cam Little,K,JAX,0
11789,Joshua Karty,K,LAR,0
11792,Will Reichard,K,MIN,0
11802,Tejhaun Palmer,WR,ARI,0
11806,Casey Washington,WR,ATL,0
11815,Cornelius Johnson,WR,BAL,0
11820,Devin Culp,TE,TB,0
11821,Tahj Washington,WR,MIA,0
11834,Devaughn Vele,WR,NO,0
11851,Carter Bradley,QB,JAX,0
11895,Mason Tipton,WR,NO,0
11911,Jeshaun Jones,WR,MIN,0
11921,Xavier Weaver,WR,ARI,0
11940,JaQuae Jackson,WR,LAC,0
11942,Colson Yankoff,TE,WAS,0
11943,Michael Wiley,RB,TB,0
11959,Bryce Oliver,WR,TEN,0
11961,Emory Jones,QB,ATL,0
11963,Chris Collier,RB,LV,0
11964,Dayton Wade,WR,BAL,0
11994,Kameron Johnson,WR,TB,0
12015,Harrison Mevis,K,LAR,0
12045,Jack Westover,TE,NE,0
12048,George Holani,RB,SEA,0
12062,Cam Grandy,TE,CIN,0
12068,Mason Pline,TE,NO,0
12070,McCallan Castles,TE,GB,0
12079,Treyton Welch,TE,NO,0
12113,Thomas Yassmin,TE,LAC,0
12114,Joshua Cephus,WR,JAX,0
12154,Messiah Swinson,TE,ARI,0
12171,British Brooks,RB,HOU,0
12185,Spencer Shrader,K,IND,0
12357,David Martin-Robinson,TE,TEN,0
12374,Brenden Bates,TE,CLE,0
12383,John Jiles,WR,NE,0
12385,Jude McAtamney,K,NYG,0
12389,Hayden Rucci,TE,MIA,0
12412,Terrell Jennings,RB,NE,0
12455,Brashard Smith,RB,KC,0
12457,Jaydon Blue,RB,DAL,0
12467,Jordan James,RB,SF,0
12469,Dylan Sampson,RB,CLE,0
12470,Riley Leonard,QB,IND,0
12471,DJ Giddens,RB,IND,0
12472,Raheim Sanders,RB,CLE,0
12473,Mitchell Evans,TE,CAR,0
12474,Woody Marks,RB,HOU,0
12475,Ricky White,WR,SEA,0
12476,Devin Neal,RB,NO,0
12477,Kurtis Rourke,QB,SF,0
12478,Nick Nash,WR,ATL,0
12479,Ja'Quinden Jackson,RB,JAX,0
12480,Moliki Matavao,TE,NO,0
12481,Cam Skattebo,RB,NYG,0
12482,Savion Williams,WR,GB,0
12483,Jack Bech,WR,LV,0
12484,Jayden Higgins,WR,HOU,0
12485,Tez Johnson,WR,TB,0
12486,Dillon Gabriel,QB,CLE,0
12487,Terrance Ferguson,TE,LAR,0
12489,RJ Harvey,RB,DEN,0
12490,Bhayshul Tuten,RB,JAX,0
12491,Corey Kiner,RB,MIN,0
12492,Pat Bryant,WR,DEN,0
12493,Oronde Gadsden,TE,LAC,0
12494,Kyle McCord,QB,PHI,0
12495,Ollie Gordon,RB,MIA,0
12496,Tai Felton,WR,MIN,0
12497,Tory Horton,WR,SEA,0
12498,Mason Taylor,TE,NYJ,0
12499,Elic Ayomanor,WR,TEN,0
12500,Quinn Ewers,QB,MIA,0
12501,Matthew Golden,WR,GB,0
12502,Gunnar Helm,TE,TEN,0
12503,Isaiah Bond,WR,CLE,0
12504,Kaleb Johnson,RB,PIT,0
12505,Jalen Royals,WR,KC,0
12506,Harold Fannin,TE,CLE,0
12507,Omarion Hampton,RB,LAC,0
12508,Jaxson Dart,QB,NYG,0
12509,Tre' Harris,WR,LAC,0
12510,Jalen Milroe,QB,SEA,0
12511,Will Howard,QB,PIT,0
12512,Quinshon Judkins,RB,CLE,0
12514,Emeka Egbuka,WR,TB,0
12515,Donovan Edwards,RB,WAS,0
12516,Kalel Mullings,RB,TEN,0
12517,Colston Loveland,TE,CHI,0
12518,Tyler Warren,TE,IND,0
12519,Luther Burden,WR,CHI,0
12520,Xavier Restrepo,WR,TEN,0
12521,Elijah Arroyo,TE,SEA,0
12522,Cam Ward,QB,TEN,0
12523,Jimmy Horn,WR,CAR,0
12524,Shedeur Sanders,QB,CLE,0
12526,Tetairoa McMillan,WR,CAR,0
12527,Ashton Jeanty,RB,LV,0
12529,TreVeyon Henderson,RB,NE,0
12530,Travis Hunter,WR,JAX,0
12531,Trevor Etienne,RB,CAR,0
12532,Ja'Corey Brooks,WR,WAS,0
12533,Jacory Croskey-Merritt,RB,WAS,0
12534,Kyle Monangai,RB,CHI,0
12535,Isaac TeSlaa,WR,DET,0
12536,Jaylin Noel,WR,HOU,0
12538,Brady Cook,QB,NYJ,0
12539,Arian Smith,WR,NYJ,0
12540,Chimere Dike,WR,TEN,0
12541,Dont'e Thornton,WR,LV,0
12542,Efton Chism,WR,NE,0
12543,Tahj Brooks,RB,CIN,0
12544,LeQuint Allen,RB,JAX,0
12545,Tyler Shough,QB,NO,0
12547,Kyle Williams,WR,NE,0
12548,Lenny Krieg,K,ATL,0
12634,Jordan Watkins,WR,SF,0
12641,Jaylin Lane,WR,WAS,0
12656,Robbie Ouzts,RB,SEA,0
12658,Jackson Hawes,TE,BUF,0
12670,KeAndre Lambert-Smith,WR,LAC,0
12688,Cam Miller,QB,LV,0
12699,LaJohntay Wester,WR,BAL,0
12700,Gavin Bartholomew,TE,MIN,0
12705,Graham Mertz,QB,HOU,0
12711,Tyler Loop,K,BAL,0
12713,Andy Borregales,K,NE,0
12715,Thomas Fidone,TE,NYG,0
12718,Konata Mumpfield,WR,LAR,0
12725,Luke Lachey,TE,HOU,0
12732,Dominic Lovett,WR,DET,0
12735,Caleb Lohner,TE,DEN,0
12738,Phil Mafah,RB,DAL,0
12743,Junior Bergen,WR,SF,0
12746,JP Richardson,WR,CHI,0
12756,Stephen Gosnell,WR,BUF,0
12757,Hal Presley,WR,TEN,0
12761,Jordan Moore,WR,CIN,0
12765,Keleki Latu,TE,BUF,0
12772,Courtney Jackson,WR,SEA,0
12773,DJ Uiagalelei,QB,LAC,0
12775,Max Brosmer,QB,MIN,0
12776,Connor Bazelak,QB,TB,0
12787,Josh Williams,RB,TB,0
12788,Will Sheppard,WR,GB,0
12792,Garrett Greene,QB,TB,0
12817,Jake Briningstool,TE,KC,0
12826,Ulysses Bentley,RB,IND,0
12829,Coleman Owen,WR,IND,0
12848,Josh Kelly,WR,HOU,0
12849,Traeshon Holden,WR,DAL,0
12851,Rivaldo Fairweather,TE,DAL,0
12860,Theo Wease,WR,MIA,0
12865,AJ Henning,WR,MIA,0
12866,Jalin Conyers,TE,MIA,0
12883,Joshua Simon,TE,ATL,0
12888,Dalen Cambre,WR,NYG,0
12889,Beaux Collins,WR,NYG,0
12892,Da'Quan Felton,WR,NYG,0
12897,Nathan Carter,RB,ATL,0
12901,Patrick Herbert,TE,JAX,0
12907,Quentin Skinner,WR,NYJ,0
12908,Chandler Brayboy,WR,JAX,0
12925,Jamaal Pritchett,WR,NYJ,0
12928,Amar Johnson,RB,LAC,0
12933,Caden Prieskorn,TE,CLE,0
12935,Jakobie Keeney-James,WR,GB,0
12938,Jackson Meeks,WR,DET,0
12939,Anthony Tyus,RB,CAR,0
12941,Bryson Nesbit,TE,MIN,0
12946,Dontae Fleming,WR,MIN,0
12954,Kye Robichaux,RB,DET,0
12959,Bryce Pierre,TE,CAR,0
12961,Ryan Fitzgerald,K,CAR,0
12969,Lan Larison,RB,NE,0
12971,Ke'Shawn Williams,WR,PIT,0
12984,CJ Dippre,TE,NE,0
13003,Tru Edwards,WR,LAR,0
13011,Brennan Presley,WR,LAR,0
13013,Mark Redman,TE,LAR,0
13032,Marshall Lang,TE,SEA,0
13034,Tyrone Broden,WR,SEA,0
13047,Jacardia Wright,RB,SEA,0
13066,Ben Sauls,K,NYG,0
13074,Isaiah Neyor,WR,GB,0
13075,Myles Price,WR,MIN,0
13079,Jahdae Walker,WR,CHI,0
13080,Deion Hankins,RB,CHI,0
13101,Gage Larvadain,WR,CLE,0
13110,Zach Horton,TE,DET,0
13116,Tre Watson,TE,KC,0
13120,Jacoby Jones,WR,WAS,0
13121,Ben Yurosek,TE,MIN,0
13122,Carter Runyon,TE,LV,0
13124,Jeremiah Webb,WR,NE,0
13128,Rushawn Baker,RB,NE,0
13150,Darius Cooper,WR,PHI,0
13151,Nick Kallerup,TE,SEA,0
13162,Maximilian Mang,TE,IND,0
13179,Ja'seem Reed,WR,CAR,0
13189,Luke Floriea,WR,CLE,0
13202,Dalevon Campbell,WR,LAC,0
13208,Kyrese Rowan,WR,DEN,0
13210,Drake Dabney,TE,GB,0
13217,Hunter Dekkers,QB,NO,0
